{
  "src": ["drums.webm", "drums.mp3"],
  "sprite": {
    "CYCdh_AcouKick-14": [0, 625.8503401360545],
    "CYCdh_Crash-01": [2000, 15228.571428571428],
    "CYCdh_Kurz02-Snr02": [19000, 496.82539682539687],
    "CYCdh_LudRimC-07": [21000, 1442.879818594104],
    "CYCdh_Sab_ClHat-06": [24000, 619.0476190476204],
    "KHats Open-07": [26000, 2863.582766439908]
  }
}
